Hoodie Unique Name,Hoodie Design,Category Area,Hoodie Name,Live/Development,Description (one sentence),Residency Complete,MOAH Complete,Professor Complete,Song Complete,Embassy Complete,IMAGI-NATION Showcase Complete,Status of Tools Delivered,Design Phase,Development Phase,Production Phase,Release Phase,2024-2025 Engagement,10 Yr Project Impact Status,Annual Project Status,Impact Baseline,Impact Snapshot (photo),Impact One Liner,Resources,Impact Potential,Projected $ value (ROI)per unit,Completion Date
JOY CorpsAction Visas | JOY,Hoodie Exchange 2025.png (https://v5.airtableusercontent.com/v3/u/40/40/1746014400000/G6It4VVPNPaCxrJgUWRZGw/VIyNcdO0uozMK1CI0lsV-gAiWN-Eaut5xGtiTptDWuqG4xwmB_eTbpTL0v75L3TUpJCwyveDjYg18lzGLVnqW4UbX1eDGBvw1B9RojOsKhL7xh_t-P4T9OefC9sYdu7InXFwCkzr7p9WQd5KuE0nJN8qBi4WxscjuBGRaBOiXRE/C81o_vsHvWr3PCv3ipfx1QWm6q9vaCn1AgbtJrApV54),Action Visas | JOY,JOY Corps,Live,Organisations getting joy on the balance sheet,,,,,,,0,100%,100%,100%,100%,73%,0.011%,80%,1000 JOY Corps activated,IMG_8999.HEIC (https://v5.airtableusercontent.com/v3/u/40/40/1746014400000/dhDSVCKHb_Icfc1i8uoTGQ/4EDhyy-l0jRp8n9FskWr98dTdOnOCLTkKMesv3o1jtuyfGDPQDPbYm6K9sKnvpEMwScuAV9wVtHcU1AovEDdT05SB93wwm97GMcIsE38Blcj3_JU-O_6XBezszM2h_tpegAC8xM8PuJJ4XK6vxjoOvHhiXhWjUSb7r6qFobHdLg/Hs1bOziSQeY220eis717Krvyl_oTERk8kgZvSHNnL5g),11 JOY Corps applications in out of 15 slots to be filled in 2024-2025,https://www.aimementoring.com/joy-corp-visa,Unlock the future of business,$1B returned to global economy,1/10/2032
IKSLAction Visas | IKSL,Hoodie Exchange 2025.png (https://v5.airtableusercontent.com/v3/u/40/40/1746014400000/G6It4VVPNPaCxrJgUWRZGw/VIyNcdO0uozMK1CI0lsV-gAiWN-Eaut5xGtiTptDWuqG4xwmB_eTbpTL0v75L3TUpJCwyveDjYg18lzGLVnqW4UbX1eDGBvw1B9RojOsKhL7xh_t-P4T9OefC9sYdu7InXFwCkzr7p9WQd5KuE0nJN8qBi4WxscjuBGRaBOiXRE/C81o_vsHvWr3PCv3ipfx1QWm6q9vaCn1AgbtJrApV54),Action Visas | IKSL,IKSL,Live,Indigenous knowledge systems labs moving to the front of systems design queue and establishing trading routes,,,,,,,0,100%,100%,100%,100%,53%,0.008%,80%,1000 Indigenous Knowledge Systems Labs activated,Bunya.jpg (https://v5.airtableusercontent.com/v3/u/40/40/1746014400000/mC2YfaF-peRJP9o5Y0MpSQ/yPfSihdiRgimgCPAZeVh2FAZ8ND-ZfQJVf1W7wrUs_4G5Jie_rDzrl3fpx3bduBy0HoDbOm_NwNmKiqAX_EVjzSGAUkUxjJugsRybi6HQlGwD5LzJHGb4neSwSKe3JyJZNoIPVrZ9eB4Ckld0ApDsQ/EgLnFzkxr43dppkQLUQd2Bnb_wCHR2RqALIUc2BcJiY),8 IKSL applications in out of 15 slots to be filled in 2024-2025,https://www.aimementoring.com/indigenous-knowledge-systems-lab,Unlock $1.25 trillion nature-centred economy,$1.25 trillion for nature centred economies,1/10/2032
CitizensAction Visas | Citizens,Hoodie Exchange 2025.png (https://v5.airtableusercontent.com/v3/u/40/40/1746014400000/G6It4VVPNPaCxrJgUWRZGw/VIyNcdO0uozMK1CI0lsV-gAiWN-Eaut5xGtiTptDWuqG4xwmB_eTbpTL0v75L3TUpJCwyveDjYg18lzGLVnqW4UbX1eDGBvw1B9RojOsKhL7xh_t-P4T9OefC9sYdu7InXFwCkzr7p9WQd5KuE0nJN8qBi4WxscjuBGRaBOiXRE/C81o_vsHvWr3PCv3ipfx1QWm6q9vaCn1AgbtJrApV54),Action Visas | Citizens,Citizens,Live,"Citizens go from isolation, and working with the same people, to being mapped in unlikely kinship patterns across humans and other species.",,,,,,,0,100%,100%,100%,100%,220%,0.033%,80%,1000 Systems Change Citizens activated,JMB Preso for CEDA.jpg (https://v5.airtableusercontent.com/v3/u/40/40/1746014400000/H4EBe6g-4wMqXsk3oSwu8g/jb0UPZ8IrJAVJEQtEJ4AV4wuxkcSoc9u2c4wK1wD3uhTpKH-TMIi7wegM7vMDOPEDnh5bJjtL-gEiHwkOnnv5mu__KZXoE196hVFR5yDDNBiIIUggNlOXm8lmJ1fj6oVSNK0qWPRSP5kSBOoZlFWmzlCH8gCm1SJu-hkohEUAIw/NBNLQW5OV24kqudUSTthcm7FBZDnerEX3ySYExH63Hw),33 Citizen applications in out of 15 slots to be filled in 2024-2025,https://www.aimementoring.com/systems-change-citizens,Eradicated billions of $$ of wasted funding and millions of hours of lost time by people working in isolation without a systems view,CALL OUT: What's the value of the NFP sector? Get in touch to help us evaluate.,1/10/2032
PresidentsAction Visas | Presidents,Hoodie Exchange 2025.png (https://v5.airtableusercontent.com/v3/u/40/40/1746014400000/G6It4VVPNPaCxrJgUWRZGw/VIyNcdO0uozMK1CI0lsV-gAiWN-Eaut5xGtiTptDWuqG4xwmB_eTbpTL0v75L3TUpJCwyveDjYg18lzGLVnqW4UbX1eDGBvw1B9RojOsKhL7xh_t-P4T9OefC9sYdu7InXFwCkzr7p9WQd5KuE0nJN8qBi4WxscjuBGRaBOiXRE/C81o_vsHvWr3PCv3ipfx1QWm6q9vaCn1AgbtJrApV54),Action Visas | Presidents,Presidents,Live,Presidents activating custodial economics in their communities,,,,,,,0,100%,100%,100%,100%,120%,0.018%,80%,1000 Presidents working on custodial economics,Image-1.jpeg (https://v5.airtableusercontent.com/v3/u/40/40/1746014400000/dNENvDkcLV9l4lI5N22SZQ/kiIEP-BpTU7UHNk-iayGzNUkpA5fvbRJRhhIBZKG2s_3GVzICYVZ8uWjBvX4JtDezvO8e83q__aBHT3bzlhh9i5jLPEocQUmyNk-Xej7Zal7YxDcvOYnTH3XyuSiAReNAcJooifZmCQMP13dMHSoogH3NF68puiF0RiHUg2q4d0/T8G52bFQxNspQRGIyO5FndTG32W8v98xTmWMv11k9kE),18 President applications in out of 15 slots to be filled in 2024-2025,https://www.aimementoring.com/imagi-nation-presidents,Micro-economy proof cases of nature based economies,CALL OUT: What's the value of young people establishing custodial economies? Get in touch to help us evaluate.,1/10/2032
SchoolsAction Visas | Schools,Hoodie Exchange 2025.png (https://v5.airtableusercontent.com/v3/u/40/40/1746014400000/G6It4VVPNPaCxrJgUWRZGw/VIyNcdO0uozMK1CI0lsV-gAiWN-Eaut5xGtiTptDWuqG4xwmB_eTbpTL0v75L3TUpJCwyveDjYg18lzGLVnqW4UbX1eDGBvw1B9RojOsKhL7xh_t-P4T9OefC9sYdu7InXFwCkzr7p9WQd5KuE0nJN8qBi4WxscjuBGRaBOiXRE/C81o_vsHvWr3PCv3ipfx1QWm6q9vaCn1AgbtJrApV54),Action Visas | Schools,Schools,Live,"Schools go from a problem to be fixed, to the solution & est trading value as imagination labs.",,,,,,,0,100%,100%,100%,100%,33%,0.005%,80%,1000 Schools activated as Imagination Labs,classroom.jpg (https://v5.airtableusercontent.com/v3/u/40/40/1746014400000/ui2kgP7tpj2u21XR2AriJA/rrpLmmi4yKDMPt0y3TeiR9NAXZqvV6dOicqJeJhj_n7q0VWYJIKzJx2byX2_DY8H9cEPjlk20zDWyBZkzZKnXMIebJ-6tbRjN7cYnA4VRxGQBwkzftiLFQ1xXSWhYekNkWG2v4JKlIgbCDJzSqnjtiPP3XATXxK6GjYMWBeVZMQ/vABCiPcQyTdb25nYAvhTxyQm7anBN7Jv9ShUOcIck2g),5 School applications in out of 15 slots to be filled in 2024-2025,https://www.aimementoring.com/imagination-labs,Grew the collective worth of human intelligence by bringing in the most marginalised young people into the design ecosystem,CALL OUT: What's the value of imagination in schools? Get in touch to help us evaluate.,1/10/2032
Mentorclass AccreditationEmbassy,wht hoodie.png (https://v5.airtableusercontent.com/v3/u/40/40/1746014400000/6qwMVsLCZkWpmA8pqQUa1w/63D_HU7bIhpwkSKLVsr31g44PJxH0rtgubBmnekEby3DiX5t-DeuvdHdJq2RjKeEVoBx37U92zymu-2bLm89lSk7Vj1VlZKnnx4XWpgGt9K3cBXWCHzDfhuGOHbQnB85fbwtFCyCMDnKc9SVwUVJLCXwB90gdZ1lUv6HYugtfsY/Syk0vCUeVc7fOzFCk6xPN2GFPiqryboXofTUoMxiAfA),Embassy,Mentorclass Accreditation,Live,Staff and alumni activated in delivering 4 workshops per year to schools,,,,,,,0,100%,100%,100%,,0%,1.000%,60%,150 schools receive Mentorclass each year (30 staff + mentors x 5 schools each),4cb65bea-c5c4-4829-b771-d3db608972d1.gif (https://v5.airtableusercontent.com/v3/u/40/40/1746014400000/xoJ4xHelFlaWQEB2EYlDoA/cNQOp1QqgM69SAGMsvSixXM5I8tINJPSHE1epbBc2URw1RX3GN3cpBiQOGcXpgolvSwNLYhUqt_5J_333I-vsxdRJARajlXLQXAqf7x9NZ5vOfBUFLkWsWw4qJ7iy1f1Aw4K22JyNTpelXBjo8e3jQTEk7afB9J0shvVB_9jaCSLBRXafHTpMzhLmsrVZQ4n/U_7PmHy1P7El0Pg4fuuctcfsFXys6LAwuCvp1X_ktqM),Applications close 30 September,https://www.aimementoring.com/mentorclass,Flipped the classroom with teachers becoming mentors and unlocking the vocabulary needed to access relations with the world's most marginalised students,"Evaluation methodology in development. 
CALL OUT: If you want to help us measure the $ value of this activity, get in touch!",30/9/2025
Imagi ClassroomsEmbassy,wht hoodie.png (https://v5.airtableusercontent.com/v3/u/40/40/1746014400000/6qwMVsLCZkWpmA8pqQUa1w/63D_HU7bIhpwkSKLVsr31g44PJxH0rtgubBmnekEby3DiX5t-DeuvdHdJq2RjKeEVoBx37U92zymu-2bLm89lSk7Vj1VlZKnnx4XWpgGt9K3cBXWCHzDfhuGOHbQnB85fbwtFCyCMDnKc9SVwUVJLCXwB90gdZ1lUv6HYugtfsY/Syk0vCUeVc7fOzFCk6xPN2GFPiqryboXofTUoMxiAfA),Embassy,Imagi Classrooms,Live,"10,000 Imagination Classrooms",,,,,,,0,100%,100%,100%,,25%,,60%,"10,000 Imagination Classrooms",Painting in Brisbane.jpg (https://v5.airtableusercontent.com/v3/u/40/40/1746014400000/ir7khCZCekRK5fzWklR50g/sEH-6iYtlv4oJCd9z123oHgTgAkmRK9-ySicXBYD93M6KmWUdFNFcBMwv1_HccZvbRkmWTiV1CP23FWnj5OUjh9yDNgadMfeYmjLIeBJSGqU1XsOxfvC-MFC6sRXlbAQe9oj8qJimQ9mgQBtohf2eLYGJzcw6KFw3xWdnRctrA0/FmmVriAKK_6O8bohgjhP1MQ97ungtuVGqI2HkWyB4Uw),20 imagination classrooms already established,,Unleashed human imagination,"Evaluation methodology in development.
CALL OUT: If you want to help us measure the $ value of this activity, get in touch!",31/12/2032
1000 Yr DreamEmbassy,wht hoodie.png (https://v5.airtableusercontent.com/v3/u/40/40/1746014400000/6qwMVsLCZkWpmA8pqQUa1w/63D_HU7bIhpwkSKLVsr31g44PJxH0rtgubBmnekEby3DiX5t-DeuvdHdJq2RjKeEVoBx37U92zymu-2bLm89lSk7Vj1VlZKnnx4XWpgGt9K3cBXWCHzDfhuGOHbQnB85fbwtFCyCMDnKc9SVwUVJLCXwB90gdZ1lUv6HYugtfsY/Syk0vCUeVc7fOzFCk6xPN2GFPiqryboXofTUoMxiAfA),Embassy,1000 Yr Dream,In Development,1000 Dreams,,,,,,,0,100%,100%,20%,0%,0%,1.000%,44%,1000 Dreams,Screenshot 2024-10-11 at 11.49.57 AM.png (https://v5.airtableusercontent.com/v3/u/40/40/1746014400000/_Kfb4Y4FuJDEXU0-r0aMpQ/YdhbL83lb0k3oP0AvcQGHfpnkVpB0r7L7PYcl3e-Zm4YqcafK70hNNsR_LiMRYCON5TNiNOpvxY2yz4VcludKq0-U940YxlG5b3cAmgSq6WUAuoPEdvDZL93I3x2-1bwGU6MBp9jQe7ak0VSNg1yjwF9FaWZsUc9Vgmlmd3l2slnl_PlIdTRvLvCjvzWufiD/LtHi82D6mf0eZ70vZnlGj7BFG2r5e4uBL6itjT4g-q8),Launching 2025,,Deepen humankind's collective dreammaking,"Evaluation methodology in development.
CALL OUT: If you want to help us measure the $ value of this activity, get in touch!",31/12/2032
5 City TourEmbassy,STORY hoodie.png (https://v5.airtableusercontent.com/v3/u/40/40/1746014400000/91Itz51BsgCmkLNS5BALbQ/2MjBqSwdUJ4OJW-Pj0vpiOUT3uy1tg23AXKxPvikg2xyJNBD_Qh_JbOuiVtZ0aqmnuoPUNv5KYbEu_bY6483_dUmV26Nc8fvHQysq55b38tQQsc9RB0oVqcqBRNJ4p1Gjk2mhCfKdFPuV_hEmWsk80HWvj-sbC-SAf1qoqGR-fM/L2a8pFj548vr8zxo1uP22dUpA_I1pwpVYnoqw3uCU-g),Embassy,5 City Tour,Live,Light up 50 cities as imagination hotspots over 10 years,,,,,,,0,100%,100%,,,10%,10.000%,42%,50 cities as imagination hotspots over 10 years,IMG_6716.jpg (https://v5.airtableusercontent.com/v3/u/40/40/1746014400000/lFBTvc-5zix6apmp8Ae5Cg/LkoGdERPY8uBWQNQ4VvJlyFc0vWaV1ulKXDMHe-jjcK4IyTkTBzVnQzK_TXbtugeW8OTS6W6b-MhpgNq2qrcYdiv4EeTMIOobBxZFHCtIda13MdmNSbsXPSq9CbkzYEMmU2AwbCldnIV2tPiHUFd3uFUk0pPRPRhB6kYFTRBAt8/EIkLBQV6loPEj0dUdNLPJM7zRzdrLerSk1OTQY0uJEU),10 cities already activated an imagination hotspots,https://drive.google.com/drive/folders/12KQhI2WQC2Qz6PErwSJMuxMPkajktbMH?usp=drive_link,Create capacity for bird's eye view,"Evaluation methodology in development.
CALL OUT: If you want to help us measure the $ value of this activity, get in touch!",31/12/2032
October Aus Big StoryEmbassy,STORY hoodie.png (https://v5.airtableusercontent.com/v3/u/40/40/1746014400000/91Itz51BsgCmkLNS5BALbQ/2MjBqSwdUJ4OJW-Pj0vpiOUT3uy1tg23AXKxPvikg2xyJNBD_Qh_JbOuiVtZ0aqmnuoPUNv5KYbEu_bY6483_dUmV26Nc8fvHQysq55b38tQQsc9RB0oVqcqBRNJ4p1Gjk2mhCfKdFPuV_hEmWsk80HWvj-sbC-SAf1qoqGR-fM/L2a8pFj548vr8zxo1uP22dUpA_I1pwpVYnoqw3uCU-g),Embassy,October Aus Big Story,Live,"Bring together custodians each year to light up Australia as a network supernode for imagination, mentoring & custodianship",,,,,,,0,100%,100%,,,60%,10.000%,42%,1 Australian October Big Story tour per year 2023 until 2032,Rehearsal at Vizion.jpg (https://v5.airtableusercontent.com/v3/u/40/40/1746014400000/G-PkwO7OroD43ExixossJw/C5xS645OxPQ6x0dLY2roW0iFZ9GDci80O7cgM8WXfoXl-S5S1dxv44EmRz7fPhfy3vjPpfLD-btLdUGh5wVuQSY3VpS_PvruaWKfZ0JjGl_JeVcU4six5NIyjrY1i4yhM7cRRGa3PTdIrJSU12oRnj8ueji51f9DmfjwrgICA-0/8anfCsjB9CT5KhaaEJBsd8gKVKby6j_qgosnclrB8mQ),2024 tour travelling from Sydney - Melbourne 25 October - 3 November 2024,https://drive.google.com/drive/folders/12KQhI2WQC2Qz6PErwSJMuxMPkajktbMH?usp=drive_link,Reactivate long songlines and bring the world to the oldest lab on earth,"Evaluation methodology in development.
CALL OUT: If you want to help us measure the $ value of this activity, get in touch!",31/12/2032
Australian Indigenous MentoringEmbassy,Screenshot 2024-10-11 at 3.08.48 PM.png (https://v5.airtableusercontent.com/v3/u/40/40/1746014400000/Y1NE4ir2mg0pSVVXCbYwXQ/wc3xxkLq6vCpK1NTXUyC-lecZbrZFmCTxMx59HQnPFqetteai9xIwEkmSc7aSJtapMAXmb26HBg7QsNYkVVdXbDymKTylWrvwTiJpuiwyDwwT7u0DBDQeINyGUF03uPxf7Oh9iIen1U8f__zJPulpN2UzohlBFd_nxNL1TuucRMb2jLI4_tpwBK1sh-pGUgw/4eTxzz9VIBiKrcVKln4R0P-ju25HfqM8iil43bDZY94),Embassy,Australian Indigenous Mentoring,Live,"An AIME case study of 2024 - 2025 impact. Previous impact reached over 27,200 mentees through AIME's school programs. 
- 6700 (up to & including 2016)
- 6007 (2017)
- 8413 (2018)
- 5702 (2019)
- 378 (2020) 
",,,,,,,0,,,,,30%,11.500%,2%,"Current targets for 2024 - 2,560 students reached total:
- 350 students reached by AIME top mentors via School Assembly tours
- 250 students reached via IMAGI-NATION schools
- 10 IMAGI-NATION Presidents
- 500 students reached via Mentorclass physical delivered by AIME Mentors in schools
- 1000 reached by Mentorclass Digital via Cool Australia
- 450 Students reached via Embassy via IMAGI-NATION school tours",Alice Day 3-83.jpg (https://v5.airtableusercontent.com/v3/u/40/40/1746014400000/3mT1c-pfLT8vCqaXKBkItQ/7nfe5IbgD5eaRpoiA1-glA0gkFgbcddL0u-zQIODMYSMlS7O1WZabQjOhDB89WdjImAwVyplQimVPx_pygRqgIDeFDffxKxjSO2QCeEd_HESZ-F8GOzYGXe0OO5rR17y6wBoNDW77sBWIEOfuLkO-5VtvVO3g9OV6u4CPJGLK6o/C7pTQNF7IpJCxwQ0mm26DFmY7SlX8AUc1h9DPiTHJko),"Current 2024 students reached:
- 100 students reached by AIME top mentors via School Assembly tours - focused sessions planned for November
- 0 students reached via IMAGI-NATION schools - to be launched via IMAGI-NATION action visas in January 2025
- 18 IMAGI-NATION Presidents
- 0 students reached via Mentorclass physical delivered by AIME Mentors in schools - to be launched in Term 4
- 0 reached by Mentorclass Digital via Cool Australia - to be launched mid October
- 442 Students reached via Embassy via IMAGI-NATION school tours",https://drive.google.com/file/d/1AfQKr4WWgUWKceyuB2MnpYmVFsW7MdJx/view,Building mentoring capacity of students and schools and make the need for external mentoring irrelevant because it's embedded inside the school system,"For every dollar invested by AIME Mentoring (AIME) and Government (education funding), a benefit of $8.90 is realised over the working life of program participants. 
This result is based on an estimated net benefit of approximately $1,170 million1 associated with the 2017 AIME program, which represents the difference between employment and earnings benefits derived by AIME participants, and the direct and indirect costs of the program. ",25/1/2019
School AssembliesEmbassy,STORY hoodie.png (https://v5.airtableusercontent.com/v3/u/40/40/1746014400000/91Itz51BsgCmkLNS5BALbQ/2MjBqSwdUJ4OJW-Pj0vpiOUT3uy1tg23AXKxPvikg2xyJNBD_Qh_JbOuiVtZ0aqmnuoPUNv5KYbEu_bY6483_dUmV26Nc8fvHQysq55b38tQQsc9RB0oVqcqBRNJ4p1Gjk2mhCfKdFPuV_hEmWsk80HWvj-sbC-SAf1qoqGR-fM/L2a8pFj548vr8zxo1uP22dUpA_I1pwpVYnoqw3uCU-g),Embassy,School Assemblies,Live,AIME team delivers focused school assembly activations,,,,,,,0,,,,,80%,,0%,5 School Assembly tours per year 2024 - 2032,Alice Day 3-56.jpg (https://v5.airtableusercontent.com/v3/u/40/40/1746014400000/HfWIxFfzXYKe57bRpAQhNg/sGqKDuBcYx4WI_GiocTOvgNgfSAju7IH4liQ_BKa1_4ybjZRdUVCR8WXwxlR1gOIAUg4hzrY4MVU9ZKkK8MZdKLE8WxPfFkdl5wTpGlxHrT5SagSsOS4fC_uWxNM1OX7xChDVLHMgJpUoRUFRbpwDBrCXhu2DQPhJF4v83YCdh4/jMw7ux0l5aub3hqpyEgTM_c2n2_cmCoIKqCC9f61hkc),"Launched in September 2024 from Uluru > Darwin with the IMAGI-NATION troupe and continuing with activations in Brisbane, South Coast, Cairns, Townsville and regional Victoria in November 2024",,Building mentoring capacity of students and schools and make the need for external mentoring irrelevant because it's embedded inside the school system,"Evaluation methodology in development.
CALL OUT: If you want to help us measure the $ value of this activity, get in touch!",31/12/2032
IMAGI-NATION EventsEmbassy,STORY hoodie.png (https://v5.airtableusercontent.com/v3/u/40/40/1746014400000/91Itz51BsgCmkLNS5BALbQ/2MjBqSwdUJ4OJW-Pj0vpiOUT3uy1tg23AXKxPvikg2xyJNBD_Qh_JbOuiVtZ0aqmnuoPUNv5KYbEu_bY6483_dUmV26Nc8fvHQysq55b38tQQsc9RB0oVqcqBRNJ4p1Gjk2mhCfKdFPuV_hEmWsk80HWvj-sbC-SAf1qoqGR-fM/L2a8pFj548vr8zxo1uP22dUpA_I1pwpVYnoqw3uCU-g),Embassy,IMAGI-NATION Events,Live,Single events delivered by the IMAGI-NATION troupe.,,,,,,,0,,,,,60%,,0%,Up to 5 events per year that the IMAGI-NATION troupe can support,,"Events past & upcoming include: Sunrise, Humankind, Sydney Alumni events, 4allEK",https://drive.google.com/drive/folders/12KQhI2WQC2Qz6PErwSJMuxMPkajktbMH?usp=drive_link,"Model how events can be immersive and centre imagination, mentoring & custodianship","Evaluation methodology in development.
CALL OUT: If you want to help us measure the $ value of this activity, get in touch!",31/12/2032
Sea the WeedSystems Change Studio,SEAWEED_HOODIE_PNG (1).png (https://v5.airtableusercontent.com/v3/u/40/40/1746014400000/UI4pAaDpf7BA3DuwM5s_4A/dIS945zhacB2x4qGN4Jt5c3Mp673TyWEUOq8S0FKyOiVEUAFqqdkD3x8tx5XWN8ad9DhIMznvrvZG_lQGBQcmjvGeCYVLCykIujzBFEDcKVHk2qA2fw2nEZ5NfwRnlG3IupFwzj7GT0Skz5LJoTeFnWNVq5k7UnQbS8XYFtnNYg/hZBQO5zxh7Dr9fJ0csRRj34oKdF_sFplcZFVjM1KPxI),Systems Change Studio,Sea the Weed,Live,$900 billion potential in unlocking nature's intelligence and value by becoming one of 20 ocean shareholders,100%,20%,50%,20%,100%,100%,65,100%,100%,50%,10%,10%,10.000%,54%,returning 20 shareholders to the ocean to raise $1M to reforest 23 beaches along Sydney’s coastline etc.,swimming with crayweed.jpeg (https://v5.airtableusercontent.com/v3/u/40/40/1746014400000/lCF5YyZMCF2PlTY8kh2qpA/W1LRhjoHOz4e2-GOxRyoDBnZDH2zl9X3bJyA1mZzLxuPkhNRr7pWYY6syYeRY-MxGnXH_mHa8OhiCQXqdcXLRFOyRICj3Bu0iRrfstu1PnFu_wh862vOW3A_6vohin27BXDK8zZwLJ8dLoFd4PHNKC6iPSXSOYTO0JAUJd9xdNo/ZZmSmBBkeOhv-29yKRQNykR5osumDZLdreW3GUsYimc),Case study of what's happening in their project,https://www.canva.com/design/DAGNyge2qCs/r_zp11vigNtTUCYCfLDfnQ/view?utm_content=DAGNyge2qCs&utm_campaign=designshare&utm_medium=link&utm_source=editor,Re-orient where organisations seek and value intelligence,(value of reforesting 23 beaches in Sydney + value of returning orgs to nature) / number of units,31/10/2025
KindnessSystems Change Studio,Screenshot 2024-08-07 at 7.30.35 PM.png (https://v5.airtableusercontent.com/v3/u/40/40/1746014400000/GW7K9YDmUSzOQzRzAN7_gw/9dFo52A2KsWGvw6vgDSbSr4MaCDed1E4m657_oOo71b9LF_LS9iglwQPCDYos6yNHmnitS_xwBnPp6VFqrYvXJbdjf3LfOMFaT_NxXKovsa_RPSoihYKmL_liMVmmKkz5QTurnpIBlKFG6tNVxDRioRs-UpX1cAeSHxc8x4a7MoiJmlT5vK3pbTF7g3jSRWy/gGPEceOckRpJTS57cEgv5nuSFQEtLWUreTtwHLWR2Zg),Systems Change Studio,Kindness,Live,"We have incubated this project for over 4 years working on stories of kindness and most recently in the last 2 years we've looked to get kindness on the ledger with the creation of the Very Important Kind Person ticket for festivals. We are deeply interested in a global coalition of networks of festivals working to become kindfests and working to have 1000+ festivals offering VIKP tickets and stimulating kindess around the world. We are looking for festival network leaders, economists, and those obsessed with kindness at a systemic level.",100%,20%,100%,20%,100%,100%,73,50%,,,,,0.000%,10%,8888 people taking the Kindness pledge,Screenshot 2024-08-07 at 7.30.35 PM.png (https://v5.airtableusercontent.com/v3/u/40/40/1746014400000/GW7K9YDmUSzOQzRzAN7_gw/9dFo52A2KsWGvw6vgDSbSr4MaCDed1E4m657_oOo71b9LF_LS9iglwQPCDYos6yNHmnitS_xwBnPp6VFqrYvXJbdjf3LfOMFaT_NxXKovsa_RPSoihYKmL_liMVmmKkz5QTurnpIBlKFG6tNVxDRioRs-UpX1cAeSHxc8x4a7MoiJmlT5vK3pbTF7g3jSRWy/gGPEceOckRpJTS57cEgv5nuSFQEtLWUreTtwHLWR2Zg),One hoodie released per week starting in January 2025,https://vimeo.com/976179756,Remind our species we are kind,"Evaluation methodology in development.
CALL OUT: If you want to help us measure the $ value of this activity, get in touch!",31/10/2025
Revolutionising ImpactSystems Change Studio,Screenshot 2024-08-07 at 7.37.31 PM.png (https://v5.airtableusercontent.com/v3/u/40/40/1746014400000/x58mxEq5_5y8_3cN2EGfpw/zyFGJnArd5c_RTvph26677A0WxdXI8GIkSHxp5DGp1o3hYSXWh7XCByiWzHg9VUax2RbiiBIttdEcLEyfaPOFOiQarTZOuTcUz3XruFnq0-fzXEq8oP6ea-lzVLgLacY6mpihnd3v2yzPczD_eX_zfv-KJoya6NoXVwkaGnttnYdulBI1D0PCBm5DYxad3ZI/sTvjLaMhx6y0Eohjh_dyI2vuYU2mJZTZwAcuqNsLDck),Systems Change Studio,Revolutionising Impact,Live,Revolutionising how we do impact reporting,100%,20%,100%,20%,100%,100%,73,80%,,,,,,16%,Modelling a new,Screenshot 2024-08-09 at 9.30.41 AM.png (https://v5.airtableusercontent.com/v3/u/40/40/1746014400000/1uTejrJsCV61LcfluKZgBg/o8_iDGjSw2c7p5vcq-n9nYeURIulGSEvWVPUBIzpM_KbyjOh1ybWwFyekN_31RgtK_EtXkZCgGFPdTcOsWwAm8NgOUhTbNL5zp7exlNrsmID9VfI8-ccwONRhmmlPCgvPvcOwxPG0w4_B7Tz9w1TZGtpFX6c8TDQ29O0O3KxEPsoyE9HNNEW1wAc4EXRrq0X/8WXdZed7fkoIeEooM6lcohnH8nmux15TmAqE21kfoSY),Hoodie in development through MOAH process,,Create positive feedback loops,"Evaluation methodology in development.
CALL OUT: If you want to help us measure the $ value of this activity, get in touch!",31/10/2025
Give Your MagicSystems Change Studio,Screenshot 2024-08-07 at 7.37.31 PM.png (https://v5.airtableusercontent.com/v3/u/40/40/1746014400000/x58mxEq5_5y8_3cN2EGfpw/zyFGJnArd5c_RTvph26677A0WxdXI8GIkSHxp5DGp1o3hYSXWh7XCByiWzHg9VUax2RbiiBIttdEcLEyfaPOFOiQarTZOuTcUz3XruFnq0-fzXEq8oP6ea-lzVLgLacY6mpihnd3v2yzPczD_eX_zfv-KJoya6NoXVwkaGnttnYdulBI1D0PCBm5DYxad3ZI/sTvjLaMhx6y0Eohjh_dyI2vuYU2mJZTZwAcuqNsLDck),Systems Change Studio,Give Your Magic,Live,We believe in the power of magic. Magic allows us to unlock and use our imagination to transform the space between all of the complexities and layers of life. We work with a magician who travels the world as a storyteller and conduit that takes us to a place outside of our own minds and unlocks that power within us.,100%,20%,100%,20%,100%,100%,73,80%,,,,,,16%,,HATCH Switzerland day 4-12.jpg (https://v5.airtableusercontent.com/v3/u/40/40/1746014400000/XFuzyF3yqrCjzshYPVoHkA/HuVrKwt7T9kluHTQSJF7RQVJkA2hrXhd_48EDerSj63-DW7tdM0ym1cmwC_8A_4tU-yqibqNGOBEWNv-kBN1kH5YHP5-PdQ6rzNyIb1PzvozaYe63IziOfLsYaw7-HkL4Q-djilPxHLBe5o_FEaH0FYsTpTBHd7HDQETUnuQSAgOjoNDsNZayZU1LgiM4wYz/cFrodYJLndxj-WVXvs2NVX-0RDP_F1cFSY0BoLeqC1k),Hoodie in development through MOAH process,,Make magic accessible,"Evaluation methodology in development.
CALL OUT: If you want to help us measure the $ value of this activity, get in touch!",31/10/2025
DeathSystems Change Studio,Screenshot 2024-08-07 at 7.37.31 PM.png (https://v5.airtableusercontent.com/v3/u/40/40/1746014400000/x58mxEq5_5y8_3cN2EGfpw/zyFGJnArd5c_RTvph26677A0WxdXI8GIkSHxp5DGp1o3hYSXWh7XCByiWzHg9VUax2RbiiBIttdEcLEyfaPOFOiQarTZOuTcUz3XruFnq0-fzXEq8oP6ea-lzVLgLacY6mpihnd3v2yzPczD_eX_zfv-KJoya6NoXVwkaGnttnYdulBI1D0PCBm5DYxad3ZI/sTvjLaMhx6y0Eohjh_dyI2vuYU2mJZTZwAcuqNsLDck),Systems Change Studio,Death,Live,Partnering with Tender Funerals to provide dignified funerals for all and embrace death as part of regeneration.,100%,20%,80%,20%,100%,100%,70,100%,50%,,,,,30%,Organisational death adopted as a legal governance model in Australia.,Prof Death on the bus.jpg (https://v5.airtableusercontent.com/v3/u/40/40/1746014400000/RdV2Qfk8GT8QdUxmoPkvlw/9vYwXepRavwenMNP1lZ2gob70baKpPAbytDuS6fpTB22JAvSdDQbueKoBm2-UuB9fUgv_KgQ5ESJhoGr1Uf9-ZbcqOZbCpgMfFI66i1jTepTZbegpLkh7rArNdgmBOc2eRhVlsDgZI_AsyzRe-wIop9wyHkmVDMxSZVQOSoI6yI/FjV51Q1JiLzreqoZCYUIr_7aznboHNVmru1Xr91agg4),Hoodie in development through MOAH process,https://vimeo.com/976263906,Create sustainable organisational lifecycles,"Evaluation methodology in development.
CALL OUT: If you want to help us measure the $ value of this activity, get in touch!",31/10/2025
SunSystems Change Studio,Screenshot 2024-08-07 at 7.37.31 PM.png (https://v5.airtableusercontent.com/v3/u/40/40/1746014400000/x58mxEq5_5y8_3cN2EGfpw/zyFGJnArd5c_RTvph26677A0WxdXI8GIkSHxp5DGp1o3hYSXWh7XCByiWzHg9VUax2RbiiBIttdEcLEyfaPOFOiQarTZOuTcUz3XruFnq0-fzXEq8oP6ea-lzVLgLacY6mpihnd3v2yzPczD_eX_zfv-KJoya6NoXVwkaGnttnYdulBI1D0PCBm5DYxad3ZI/sTvjLaMhx6y0Eohjh_dyI2vuYU2mJZTZwAcuqNsLDck),Systems Change Studio,Sun,Live,"Leveraging cutting-edge science and technologies that are aligned with natural principles, the project seeks to catalyze a shift toward a heliogenic technologies",100%,20%,10%,20%,100%,50%,50,100%,100%,,,,,40%,,AIME_Residents_June_24-156.jpg (https://v5.airtableusercontent.com/v3/u/40/40/1746014400000/kkBtn5X7ri_U9Rvcicg7rw/hrECKwhJn3iwDwog8K5vsY7LuaN6u3HprETpgB_Evr9FJz4katAdaiWg_V5-jjL7zIAN4qVTTWrZG5Y6VOqZ6pghnhk85elDcHBy_658BTxxw2maQsEOK3QHhKHCNu3-pnZudYcyaH82m2udEWfxGgoM7mCs-YjHsK-6GRe6XV-mHo8UoV4_IeXV_3IuydtX/KbaTm60D7L_xjis5A1obOQQsySycoXxkhh7VcmfuKFs),Hoodie in development through MOAH process,https://thomas.cr/,Sustainable planetary energy,"Evaluation methodology in development.
CALL OUT: If you want to help us measure the $ value of this activity, get in touch!",31/10/2025
Nature TechSystems Change Studio,Screenshot 2024-08-07 at 7.37.31 PM.png (https://v5.airtableusercontent.com/v3/u/40/40/1746014400000/x58mxEq5_5y8_3cN2EGfpw/zyFGJnArd5c_RTvph26677A0WxdXI8GIkSHxp5DGp1o3hYSXWh7XCByiWzHg9VUax2RbiiBIttdEcLEyfaPOFOiQarTZOuTcUz3XruFnq0-fzXEq8oP6ea-lzVLgLacY6mpihnd3v2yzPczD_eX_zfv-KJoya6NoXVwkaGnttnYdulBI1D0PCBm5DYxad3ZI/sTvjLaMhx6y0Eohjh_dyI2vuYU2mJZTZwAcuqNsLDck),Systems Change Studio,Nature Tech,Live,Fusing innovative digital interfaces with environmental stewardship to inspire and mobilise people to restore and protect our natural world.,100%,20%,10%,20%,100%,50%,50,60%,,,,,,12%,,AIME_Residents_June_24-260.jpg (https://v5.airtableusercontent.com/v3/u/40/40/1746014400000/5F0oWSFgvm_3bPvbDonJMQ/Hr5e_hS5AA1UNNv4ko4v2BbxUjYOxPrG_Bg4ckykESR8YhErY2BWlc_k-g23vz5cVp0wQbd80Gmd9x3vaiLG1Tu0OIei0USuuUmQ4XLSG3fEJ2D4GnNR5rp0tXP86L4BfcquvuYAoCI2gCtqa5xA4oEFTPED1FP-vDlu-arYc1AeWqyXwLWvupql8cSNDRVZ/764sAo_X3y5hi5YJ13NQX3vibFkt-PzK5BxG0FyYF4w),Hoodie in development through MOAH process,https://www.guardiansofearth.io/,Unlock the bioregional marketplace,"Evaluation methodology in development.
CALL OUT: If you want to help us measure the $ value of this activity, get in touch!",31/10/2025
Waste to energySystems Change Studio,Screenshot 2024-08-07 at 7.37.31 PM.png (https://v5.airtableusercontent.com/v3/u/40/40/1746014400000/x58mxEq5_5y8_3cN2EGfpw/zyFGJnArd5c_RTvph26677A0WxdXI8GIkSHxp5DGp1o3hYSXWh7XCByiWzHg9VUax2RbiiBIttdEcLEyfaPOFOiQarTZOuTcUz3XruFnq0-fzXEq8oP6ea-lzVLgLacY6mpihnd3v2yzPczD_eX_zfv-KJoya6NoXVwkaGnttnYdulBI1D0PCBm5DYxad3ZI/sTvjLaMhx6y0Eohjh_dyI2vuYU2mJZTZwAcuqNsLDck),Systems Change Studio,Waste to energy,Live,Reclaiming excess textile materials and waste to reduce dead stock and promote designer responsibility.,100%,20%,10%,20%,100%,50%,50,50%,,,,,,10%,,AIME_Residents_June_24-194.jpg (https://v5.airtableusercontent.com/v3/u/40/40/1746014400000/JEy0PNOpKj3UoJh85Oq0hA/CVAvw5e-yI8YE-vs3jVwVOyrkBp7XBlj7JjTcpAkc6gnKbZCm295dbkXwygSPe2H45VSVpG4MFxj2Husc3kotlz4FtA7O1cwCdsuiL4qxxfSkv58z175isTxeLTy5tw2y39b4USbKXkgpriA3rDy4022GZlzt9BbJbrqLTvWGYUqJNlQYVIsjh-Q9ITS5DRd/LABZ9XEpb5ilN_406rnV3KAeZW_6KzJbEcm_UwtvrgY),Hoodie in development through MOAH process,,Make circularity mainstream and unearth new energy sources,"Evaluation methodology in development.
CALL OUT: If you want to help us measure the $ value of this activity, get in touch!",31/10/2025
MentoringSystems Change Studio,Screenshot 2024-08-07 at 7.37.31 PM.png (https://v5.airtableusercontent.com/v3/u/40/40/1746014400000/x58mxEq5_5y8_3cN2EGfpw/zyFGJnArd5c_RTvph26677A0WxdXI8GIkSHxp5DGp1o3hYSXWh7XCByiWzHg9VUax2RbiiBIttdEcLEyfaPOFOiQarTZOuTcUz3XruFnq0-fzXEq8oP6ea-lzVLgLacY6mpihnd3v2yzPczD_eX_zfv-KJoya6NoXVwkaGnttnYdulBI1D0PCBm5DYxad3ZI/sTvjLaMhx6y0Eohjh_dyI2vuYU2mJZTZwAcuqNsLDck),Systems Change Studio,Mentoring,Live,"Opening bridges of exchange between Universities and people from outside the margins, like AIME has done for nearly 20 years.",100%,20%,100%,20%,100%,50%,65,20%,,,,,,4%,1000 Global Mentoring Universities accredited,AIME_Residents_June_24-127.jpg (https://v5.airtableusercontent.com/v3/u/40/40/1746014400000/UOc52bm9Cd38DhKjFtc9rg/KTZdqK3wxXez2v7m30ch4tRKW6CxG_gP41MeT80gc203xhppH32COwyEmzo7ZYKnv5RSflCwQsolQeiaG82oLFcSavDnPaj47vMYL9oFso5zKduSD9FaH14wPuLySfxLj4VfwBkE8RhEOef1NmB2RKV_v8R6Tbg-TVvCOu1NSsE8hgJEyQMMEy2RvEdwHKRt/fNP4byW9aUkmoboUzULlrGUyGsP9jfLsvkLC4VBm99o),Hoodie in development through MOAH process,,Support mentoring bridges across institutions to improve civil society cohesion and wisdom,"Evaluation methodology in development.
CALL OUT: If you want to help us measure the $ value of this activity, get in touch!",31/10/2025
Joy CorpSystems Change Studio,Screenshot 2024-08-07 at 7.37.31 PM.png (https://v5.airtableusercontent.com/v3/u/40/40/1746014400000/x58mxEq5_5y8_3cN2EGfpw/zyFGJnArd5c_RTvph26677A0WxdXI8GIkSHxp5DGp1o3hYSXWh7XCByiWzHg9VUax2RbiiBIttdEcLEyfaPOFOiQarTZOuTcUz3XruFnq0-fzXEq8oP6ea-lzVLgLacY6mpihnd3v2yzPczD_eX_zfv-KJoya6NoXVwkaGnttnYdulBI1D0PCBm5DYxad3ZI/sTvjLaMhx6y0Eohjh_dyI2vuYU2mJZTZwAcuqNsLDck),Systems Change Studio,Joy Corp,Live,Organisations getting joy on the balance sheet to unlock the future of business,100%,20%,10%,20%,100%,50%,50,100%,100%,,,,0.011%,40%,1000 JOY Corps activated,IMG_8999.HEIC (https://v5.airtableusercontent.com/v3/u/40/40/1746014400000/dhDSVCKHb_Icfc1i8uoTGQ/4EDhyy-l0jRp8n9FskWr98dTdOnOCLTkKMesv3o1jtuyfGDPQDPbYm6K9sKnvpEMwScuAV9wVtHcU1AovEDdT05SB93wwm97GMcIsE38Blcj3_JU-O_6XBezszM2h_tpegAC8xM8PuJJ4XK6vxjoOvHhiXhWjUSb7r6qFobHdLg/Hs1bOziSQeY220eis717Krvyl_oTERk8kgZvSHNnL5g),1000 JOY Corps,,unlock the future of business,"Evaluation methodology in development.
CALL OUT: If you want to help us measure the $ value of this activity, get in touch!",31/12/2024
FoodSystems Change Studio,Screenshot 2024-08-07 at 7.37.31 PM.png (https://v5.airtableusercontent.com/v3/u/40/40/1746014400000/x58mxEq5_5y8_3cN2EGfpw/zyFGJnArd5c_RTvph26677A0WxdXI8GIkSHxp5DGp1o3hYSXWh7XCByiWzHg9VUax2RbiiBIttdEcLEyfaPOFOiQarTZOuTcUz3XruFnq0-fzXEq8oP6ea-lzVLgLacY6mpihnd3v2yzPczD_eX_zfv-KJoya6NoXVwkaGnttnYdulBI1D0PCBm5DYxad3ZI/sTvjLaMhx6y0Eohjh_dyI2vuYU2mJZTZwAcuqNsLDck),Systems Change Studio,Food,Live,Weaving a project to find solutions for food accessibility by leveraging Indigenous food relations and knowledge.,100%,20%,10%,20%,100%,50%,50,100%,100%,,,,,40%,,AIME_Residents_June_24-211.jpg (https://v5.airtableusercontent.com/v3/u/40/40/1746014400000/z00---UqJN-q6ho0XVmUBw/lGtiyVEDEkJVIDQPZaT2KjjoUNWi_oeX17o4hQUD20BZTmYCktTV_IF27h-eGrz_AvpDljwNmu5VRXuIbtZthQf05fRZXkggd6Pg6waXw1Qiw955he_hMSCPZddbQ1SJfqm2gJGzq9XZKDy0QGgxetBMxID5SE7TaCUMRGw-bzry3HmDzQTrApEH4GdfadSa/eMAl6vKehsPmBf99x4pSxQhB0wrG7mCXh7f2u-qxvy8),Hoodie in development through MOAH process,,make healthy food accessible,"Evaluation methodology in development.
CALL OUT: If you want to help us measure the $ value of this activity, get in touch!",31/10/2025
Systems Change ResidentSystems Change Studio,Screenshot 2024-08-07 at 7.36.36 PM.png (https://v5.airtableusercontent.com/v3/u/40/40/1746014400000/CJ37vD9P4w5-LA2vyM-6Qg/_YgvqGjBbavKMX4FAf9S50vnMLYxQOGRgkDzzWnI8WWb-7Eyu-rzfVYwkfl_Knp5LQf6dCwPpCXzEVYgcqvnaakCKEL0_j6EWmnXnkO0WAptnL-nmEOKK0KsRGHHwQBm91mt7qBnMuSKO-2T7hE12k87xKIczih1Kwhky86PBfi4f8iAmYsQP_iAi8zwOYLQ/UBWbEuLJHAi1lVP7kPxToKWaUA7jGp10fXJkHRx3Sx8),Systems Change Studio,Systems Change Resident,Live,Systems Change Studio Resident,,,,,,,0,,,,,,,0%,130 Systems Change Residents activated across the world by 2033 - 13 per year,,,https://www.aimementoring.com/systems-change-studio-visas,,,17/3/2033
Custodians / Governance for IMAGI-NATIONCustodians,Screenshot 2024-09-20 at 9.04.35 AM.png (https://v5.airtableusercontent.com/v3/u/40/40/1746014400000/deUoRznGYitvbrRKlG3Swg/l76my8Av71EugwG3aIU0tv1o395QTEQ1b_CCqDtHYb24udsblIXCbrAIWCOCY9XfXe0NhZEaGZbHklWFv-2HZGbzcdTcowGmKlaUm4K2T6DiwKGPqkqFC6FTuR1ppw2rM0oHIEroS7pwp9ALFghhYv8CIx8ekZgUPMx3dgjaK4f4KdmjrVYrovQ2gf8QvkZc/D4L3q39b8i7DHaquqFJLPenyKSejydyfjnVnTKzDKLg),Custodians,Custodians / Governance for IMAGI-NATION,In Development,150 custodians each year that shepherd the health and governance of the IMAGI-NATION network,,,,,,,0,100%,100%,100%,50%,0%,0.052%,70%,1350 Custodians to model collective governance of IMAGI-NATION,AIME_Residents_June_24-169.jpg (https://v5.airtableusercontent.com/v3/u/40/40/1746014400000/Sgexz_xjb0g57T5esQPZeQ/cn8LqkYQLAOwPcY3FqBT4dHAd5m0TJwSMKE0B6AyLPImo5CWCpcBU7Pe1Q_i1uJ26sLnBtVYkcHWW8X8p0zcKKfMayrkr3HC5LAUSw8OWE_r1vVoc9KLc14I-JFfER54v9Qc8m2PI2lvIql_dsMJ4KceZwaLsHQDKBoPsLmQOsbkB30oCCIG5wXulUR_K1sr/u_ajGz95oYQFAsmwiEiEMGCfcounl9C5LQs5lAizD_o),"0 Custodians currently activated in IMAGI-NATION - job descriptions written for the full 150 from 2024-2025. Opening and onboarding from September 2024. 67 Custodians across staff, board and network who have been alumni",https://www.aimementoring.com/custodian-visas,model collective governance for nation states,CALL OUT: What's the value of a new governance model that centres diverse intelligence?,31/12/2032
Mentor AppToolshed,wht hoodie.png (https://v5.airtableusercontent.com/v3/u/40/40/1746014400000/6qwMVsLCZkWpmA8pqQUa1w/63D_HU7bIhpwkSKLVsr31g44PJxH0rtgubBmnekEby3DiX5t-DeuvdHdJq2RjKeEVoBx37U92zymu-2bLm89lSk7Vj1VlZKnnx4XWpgGt9K3cBXWCHzDfhuGOHbQnB85fbwtFCyCMDnKc9SVwUVJLCXwB90gdZ1lUv6HYugtfsY/Syk0vCUeVc7fOzFCk6xPN2GFPiqryboXofTUoMxiAfA),Toolshed,Mentor App,Live,A mentor training app based on AIME's 18 mentor values developed as a resource over the past 20 years of mentoring experience,,,,,,,0,100%,100%,90%,,,,58%,,Screenshot 2024-09-19 at 11.21.54 AM.png (https://v5.airtableusercontent.com/v3/u/40/40/1746014400000/3GViYpvh57THk8eVGKtwtA/ebJJBpkUlzvL6InUFFA1Q2Vhy1ZHm9rN-vrqUb6crAJcVWLNGFztWc2O4VBOD6ghgqS4c3xTvKCed5EQ_KT_esIJsnw6SeYB3Gzj-LP7oNup6rzodjE90qpDQYFiZARhlrPXCgGg6ZShQPcHk8YP2igBrxdy0BnVtaPhiZvW4hrcAO9Ihi40hfjsamNMxIUU/iUKgGFA7PfmaqniRntYxTKb3JHJdxySGL95bQx2Bi_I),,,Make scalable mentoring accessible,"Evaluation methodology in development.
CALL OUT: If you want to help us measure the $ value of this activity, get in touch!",4/10/2024
Dino TranceToolshed,wht hoodie.png (https://v5.airtableusercontent.com/v3/u/40/40/1746014400000/6qwMVsLCZkWpmA8pqQUa1w/63D_HU7bIhpwkSKLVsr31g44PJxH0rtgubBmnekEby3DiX5t-DeuvdHdJq2RjKeEVoBx37U92zymu-2bLm89lSk7Vj1VlZKnnx4XWpgGt9K3cBXWCHzDfhuGOHbQnB85fbwtFCyCMDnKc9SVwUVJLCXwB90gdZ1lUv6HYugtfsY/Syk0vCUeVc7fOzFCk6xPN2GFPiqryboXofTUoMxiAfA),Toolshed,Dino Trance,Live,"AIME's 'degustation' magazine where we slowly release four pages each week, online ... but you'll be able to purchase the complete, physical copy at any time before Nov 15, 2024 to get your copy in the new year.",,,,,,,0,100%,100%,60%,45%,,11.000%,63%,100 Issues distributed,Screenshot 2024-08-21 at 11.42.36 PM.png (https://v5.airtableusercontent.com/v3/u/40/40/1746014400000/vLG4ALB4lWNpSnvmbkZt4A/vpqIttKzdIs4sSSSocFwR62XwCqD1tB1yX8-2CdVlV27ikZsvONSjy-v4SWsoMGPAb7wUh7KrXHnbqzFlNYIjogp1nv1ZIw1pTO7Qp94UDSMZ0HQp3cM55KeIXXMWJ89YMukQvCdLRPLdrg8dY3wgH9TX5PG6rxvfFLz3c5TEzWrlK5_icXtOmIIHW2tD3z-/f_VTxPKoMHfYWW7ED0puue0dOVK4Jk9H1-jigtMqfBc),100 issues to be released each year starting from December 2024,https://www.aimementoring.com/communcations,Imagination unboxed,"Evaluation methodology in development.
CALL OUT: If you want to help us measure the $ value of this activity, get in touch!",15/11/2024
IMAGINE FilmToolshed,Screenshot 2024-08-07 at 7.29.53 PM.png (https://v5.airtableusercontent.com/v3/u/40/40/1746014400000/P8_MQhSmmugzZX7YtnX4Vw/NDugphIlRnj3TKh301GVBT0sS-XBrymr7qVlNQOEqHKoPZapw9QMsKScLAlaPtPtvu1dRrFFY3Oy9uJeQmFgSK3rHTFBOJc7hAc7UHJg722xORDUE35t9nPT-eW1KGncRRT6FqtBzDeHM_YpeTY7DYKZbvCZX3qXkZ9FCAVhGxhPPw9pYivIXo2WOJ8NKv5x/Ef94N0PIH1Gn6ukiYKEltG-s_ucDqOL8-nxnogQWM6A),Toolshed,IMAGINE Film,Live,"A co-created feature film, with 400+ writers open birthing a narrative open source, then a stack of Indigenous systems knowledge through a global leading podcast, then into a co-created animation with the power of AI helping fuse the unlikely connections together. ",,,,,,,0,100%,75%,20%,0%,,40.000%,47%,,Screenshot 2024-08-21 at 11.30.32 PM.png (https://v5.airtableusercontent.com/v3/u/40/40/1746014400000/DH6gKPkMU76uS6eKsHPtow/IuH1-BZQGEtiSJ1VCoh4gM4YnwYVKpmrxx1D6TEqFyfkm2026iygZGoQahpxuCm0OvB2Go3Amjwoc9v8TfenuZ-9ZtlQNNiOBlqEnzA6SFEN4NelnIif-boO4X4-b-v96uDU9LdTtzEvNVmMY5IIye0-cZDZrtBHJKWzYq72oigWNvNaMIGP8HWdEbVOSPNS/tFWvG0SNcsS--yj_hh3i9PgqCfxzrkMceBcWvoFcp-8),,,Indigenous knowledge systems translated and accessible,"Evaluation methodology in development.
CALL OUT: If you want to help us measure the $ value of this activity, get in touch!",30/6/2025
Mentorclass DigitalToolshed,wht hoodie.png (https://v5.airtableusercontent.com/v3/u/40/40/1746014400000/6qwMVsLCZkWpmA8pqQUa1w/63D_HU7bIhpwkSKLVsr31g44PJxH0rtgubBmnekEby3DiX5t-DeuvdHdJq2RjKeEVoBx37U92zymu-2bLm89lSk7Vj1VlZKnnx4XWpgGt9K3cBXWCHzDfhuGOHbQnB85fbwtFCyCMDnKc9SVwUVJLCXwB90gdZ1lUv6HYugtfsY/Syk0vCUeVc7fOzFCk6xPN2GFPiqryboXofTUoMxiAfA),Toolshed,Mentorclass Digital,Live,Mentor Tools distributed to teachers across Australia via Cool Australia,,,,,,,0,100%,100%,80%,0%,,,56%,,Screenshot 2024-08-22 at 12.00.38 AM.png (https://v5.airtableusercontent.com/v3/u/40/40/1746014400000/oYwfU2SQZ-wRHUrzxcXwVA/DEIos2QjAd7CrqvhxqPC38xEb4Wz9lR4Xx7_JAE9TcVvqsIMBB2MljAY99oA0i_e9v_msTY0QxhZzDaCZeUwXImwwyqvQexJZY5AC6ywjcj3htiBpLwEGEf_pwPQ-UZdIPeT8YmcAqpPRNYmz96gi8I1oVo1IEfrT7OmSspmLKd7sEpgyDnu_RJy4Gm1_5AL/NK4gSLUFBJ2_U7Qijd_cOkfltdaHD9oPCoJuUfkidFM),,,mentor tools for every teacher in the world,"Evaluation methodology in development.
CALL OUT: If you want to help us measure the $ value of this activity, get in touch!",1/10/2024
ProfessorsToolshed,wht hoodie.png (https://v5.airtableusercontent.com/v3/u/40/40/1746014400000/6qwMVsLCZkWpmA8pqQUa1w/63D_HU7bIhpwkSKLVsr31g44PJxH0rtgubBmnekEby3DiX5t-DeuvdHdJq2RjKeEVoBx37U92zymu-2bLm89lSk7Vj1VlZKnnx4XWpgGt9K3cBXWCHzDfhuGOHbQnB85fbwtFCyCMDnKc9SVwUVJLCXwB90gdZ1lUv6HYugtfsY/Syk0vCUeVc7fOzFCk6xPN2GFPiqryboXofTUoMxiAfA),Toolshed,Professors,Live,The most impactful TV show on the planet,,,,,,,0,100%,60%,20%,0%,,60.000%,48%,,,"The most impactful TV show on the planet, to reach every home with internet globally",,Hope lives,"Evaluation methodology in development.
CALL OUT: If you want to help us measure the $ value of this activity, get in touch!",30/6/2025
gAIME of LifeToolshed,wht hoodie.png (https://v5.airtableusercontent.com/v3/u/40/40/1746014400000/6qwMVsLCZkWpmA8pqQUa1w/63D_HU7bIhpwkSKLVsr31g44PJxH0rtgubBmnekEby3DiX5t-DeuvdHdJq2RjKeEVoBx37U92zymu-2bLm89lSk7Vj1VlZKnnx4XWpgGt9K3cBXWCHzDfhuGOHbQnB85fbwtFCyCMDnKc9SVwUVJLCXwB90gdZ1lUv6HYugtfsY/Syk0vCUeVc7fOzFCk6xPN2GFPiqryboXofTUoMxiAfA),Toolshed,gAIME of Life,In Development,"The Gaime of Life is part theatrical performance, part storytelling, 
part card play, part cinematic experience. 
Players work together to co-write the next chapter. ",,,,,,,0,50%,20%,10%,0%,,,16%,,,,,Collective storytelling tool for humankind,"Evaluation methodology in development.
CALL OUT: If you want to help us measure the $ value of this activity, get in touch!",
Hoodie EconomicsToolshed,Screenshot 2024-08-07 at 7.32.37 PM.png (https://v5.airtableusercontent.com/v3/u/40/40/1746014400000/tp3C1FvI5nd0MFDNlu2Lxw/BPcF47OVJuAEFATcyJ2cZ8_-S1FNXxMrzlATAlo9YIdpXDl1IaAdTeoLaTkgX-PPzD_tnDoN4i4AtGJhLk6Kzvn1S2yWiCz3mnqlyL8MjaK-iMxbdelLkEE9mv6CdWBtbgSEOSeGJAsBtX3Chm5MKYmLOQnzuJgEfBRdxKnGdH5WZmUmcQWjzymAqXbgAWf5/aU9TATw7Pqe7A50SgvE8APyfjTrsiIA8cnIvGn4NWvE),Toolshed,Hoodie Economics,In Development,AIME’s open-sourced model for people to create their own Hoodie Economics project for systems change. ,,,,,,,0,80%,10%,0%,0%,,,18%,1200 total over 8 years. To launch in 2025,,,,Relational roadmap / look at wellbeing economies for governments,"Evaluation methodology in development.
CALL OUT: If you want to help us measure the $ value of this activity, get in touch!",31/12/2032
LightningToolshed,HOODIE.png (https://v5.airtableusercontent.com/v3/u/40/40/1746014400000/uOeU_ZYRJYANCR70Br1WGA/qvlfJEHdbsAl8mLMQbzNtt_HPrdf-jpV3CTyiqNyxt076h2dkWBzaEBV_Q-uGTkREiySsV11-ps5mZb5RxAnX4dyEnXiYtH4GarrF2P1-VNlXgzp2Gu9OQZu4Q9hUJsLxj-n_iumDkQ_T5C4GA-GQQa4wSJZy7l-h2UZa_It_sA/B4dj1bLXq8_DLVrwLoyNdxw2egLJYApNW2EjgOpDC5A),Toolshed,Lightning,Live,A quarterly TV newsdesk report released by The Professors showcasing AIME's impact across project areas.,,,,,,,0,100%,90%,90%,100%,,,76%,,Screenshot 2024-10-11 at 10.56.16 AM.png (https://v5.airtableusercontent.com/v3/u/40/40/1746014400000/DhL1ViKzpUd1Kmy590nkhA/ORvv88oH7Mk_9imjMuPhnhf98JJ0BDJLsgHhdj3K-EU7jC9XQGlWL1IKeNWAA0mz3JFIs279QU67oJR-ZCJTjUNenl0r4lpm4wjLB81xdyfCFG_Yhp67kbaJl-kRxuWJuG5rLeMRGgS8nM_oH5kH2Uk-SsXCW3UxOc0Pexlp52ecLle2YAIOQ4BskQlVp_Xv/Y_YlFVzLqZh2n0eEoNCGt80WibYrL6PugzSZhfSryBc),Revolutionising impact reporting & storytelling,https://vimeo.com/1012675489?share=copy#t=0,Reimagining how we show impact,"Evaluation methodology in development.
CALL OUT: If you want to help us measure the $ value of this activity, get in touch!",11/10/2024
Mentor CreditToolshed,MAKING SPACE HOODIE.png (https://v5.airtableusercontent.com/v3/u/40/40/1746014400000/5Iy6vkYY5wnIUXcCEs1LSQ/PapAyWkXKiLg_cPhI59C7jedNt7bcsFrMYSV87_qCJejYlKkRw7lwD4upG6b8okxd9MCUMsNc2lC1IHTlPhNJAeriO9HBZPuUw2gSiL1t6NVALhrPXkvSGoM4Lpbs8J_wkOoS3p-NWdNHmB8ybscyz1ElWDv7VYkr8qajJFPgf4/Kr73cXxMbOUWB2AkgCY1duD5yHCoQvaH9IZ6x1kxeRQ),Toolshed,Mentor Credit,Live,Coming soon - The Mentor Credit is a development pipeline that allows for the world's storytellers from behind and in front of the camera to come together in a moving troupe.,,,,,,,0,50%,10%,,,2%,,12%,"Make 150 tools with contributed time, knowledge and opportunities.",Screenshot 2024-10-02 at 9.12.35 AM.png (https://v5.airtableusercontent.com/v3/u/40/40/1746014400000/qGMEDtVzoU2NwmTVRw-A6A/AgSHD-eg7y_eNBYuA_ni01y5qSNv7PRPcjFmhu4gpB2td9a6a0KQaDYb0W16RtZ2ukBzk11yn-0xym0BsQ9NDJIMLRhETTJJa7RWxC0jvJKLUoZLsAVbDfg_sn8HqMmH2wtORm3HmZ4QBbidZ37a5ln0tC2NJ3_t656b7mMeipnSlHDFxdT-iQXre4_y-I0Z/UeT9CZF_XvKajGdzyx9O4gZcxRFOcqdQDcgceB40IMg),"Collectively we show how no studio can stop a big story, how humankind when we give give into the network can create the sort of fabric that is required and systemically when we wear this Hoodie we will see in the future that we have",,Show how networks can centre and value nature and relations in TV / film & production industries,"Evaluation methodology in development.
CALL OUT: If you want to help us measure the $ value of this activity, get in touch!",31/12/2032
JOY ReportToolshed,Hoodie_Pink.png (https://v5.airtableusercontent.com/v3/u/40/40/1746014400000/WRBrUBgZJ6py3VBpGm035g/IYO-AwpJ_JTXFI59N-BcXnbK6Q0oPwOXMEqWye5snd3rBWJa8ytj6hn02WbQ45_r5gv5g2sc1BH73JZpYbBPixA2cPUzIj2FsluXIV0A3m9-8sv0Xyg-daRhPER_soZk-74a9KUagcKLC-DD9dTCOm3mJJQD_XTWhYLEMrYlfYY/HiVTXxPYo8B_WYsyQyaLh475yYU128NxP2Yp8LO2jQE),Toolshed,JOY Report,Live,A report that gets joy on the balance sheet and shows our relations to each other and the 7 key levers of JOY Corps,,,,,,,0,100%,90%,90%,100%,,,76%,Get joy on the balance sheet,Screenshot 2024-10-11 at 10.59.51 AM.png (https://v5.airtableusercontent.com/v3/u/40/40/1746014400000/VoMlXu-J27nTwP2PR0ADRA/Pi8coZmHGaK1u5-iaH8KVtDcy8yEZ8jdgI6IPDNX1tEyL98eRdQKprpLHqp_9Ej4usLGzOyjS6QVKe7j_tAJHyZvm8CVFsGd-UIsfu3-lWp1GWBYGfmWOL_RvTvHkcGsqXVYDVtvMHli9XTcd8SAID6N3iSnv0OjO3zq40Igh8x0UN-Cf6YMpN_KDvnT2wHM/NEHqpaOPlJZsKkySOMK1TjqU3Fu7SGbyQr89AW1RuJU),AIME releases its first joy report on 11 October 2024,https://monty1201.softr.app/,Modelling how to get joy on the balance sheet for organisations,"Evaluation methodology in development.
CALL OUT: If you want to help us measure the $ value of this activity, get in touch!",11/10/2024
Mentoring UnisIMAGI-NATION University Research Projects,wht hoodie.png (https://v5.airtableusercontent.com/v3/u/40/40/1746014400000/6qwMVsLCZkWpmA8pqQUa1w/63D_HU7bIhpwkSKLVsr31g44PJxH0rtgubBmnekEby3DiX5t-DeuvdHdJq2RjKeEVoBx37U92zymu-2bLm89lSk7Vj1VlZKnnx4XWpgGt9K3cBXWCHzDfhuGOHbQnB85fbwtFCyCMDnKc9SVwUVJLCXwB90gdZ1lUv6HYugtfsY/Syk0vCUeVc7fOzFCk6xPN2GFPiqryboXofTUoMxiAfA),IMAGI-NATION University Research Projects,Mentoring Unis,,,,,,,,,0,,,,,,0.000%,0%,,,,,with Mentoring above ,,
Kolab ResearchIMAGI-NATION University Research Projects,HOODIE.png (https://v5.airtableusercontent.com/v3/u/40/40/1746014400000/uOeU_ZYRJYANCR70Br1WGA/qvlfJEHdbsAl8mLMQbzNtt_HPrdf-jpV3CTyiqNyxt076h2dkWBzaEBV_Q-uGTkREiySsV11-ps5mZb5RxAnX4dyEnXiYtH4GarrF2P1-VNlXgzp2Gu9OQZu4Q9hUJsLxj-n_iumDkQ_T5C4GA-GQQa4wSJZy7l-h2UZa_It_sA/B4dj1bLXq8_DLVrwLoyNdxw2egLJYApNW2EjgOpDC5A),IMAGI-NATION University Research Projects,Kolab Research,,"In developing a ko-design methodology, we at the Indigenous Knowledge Systems Lab at Deakin University took an approach grounded in both real-time and deep-time processes to initiate new ways of working that prioritise the redistribution of power, relational complexity, and inquiry grounded in land and Lore.",,,,,,,0,,,,,,80.000%,16%,Offering a ko-design methodology to initiate new ways of working across 1000 Indigenous Knowledge Systems Labs and 1000 JOY Corps.,,,https://docs.google.com/document/d/1Ln9sx21mke3ax_MV1AyySqDBXo4ayBAc/edit,,,
Kinship Network Design - UNCx5IMAGI-NATION University Research Projects,HOODIE.png (https://v5.airtableusercontent.com/v3/u/40/40/1746014400000/uOeU_ZYRJYANCR70Br1WGA/qvlfJEHdbsAl8mLMQbzNtt_HPrdf-jpV3CTyiqNyxt076h2dkWBzaEBV_Q-uGTkREiySsV11-ps5mZb5RxAnX4dyEnXiYtH4GarrF2P1-VNlXgzp2Gu9OQZu4Q9hUJsLxj-n_iumDkQ_T5C4GA-GQQa4wSJZy7l-h2UZa_It_sA/B4dj1bLXq8_DLVrwLoyNdxw2egLJYApNW2EjgOpDC5A),IMAGI-NATION University Research Projects,Kinship Network Design - UNCx5,,,,,,,,,0,,,,,,80.000%,16%,UNCx5 adopted as a model...,,,https://drive.google.com/file/d/1uArs1ZmBi-kte0it6DeHNF6wONvLONMs/view,,,
Imagination CircleIMAGI-NATION University Research Projects,HOODIE.png (https://v5.airtableusercontent.com/v3/u/40/40/1746014400000/uOeU_ZYRJYANCR70Br1WGA/qvlfJEHdbsAl8mLMQbzNtt_HPrdf-jpV3CTyiqNyxt076h2dkWBzaEBV_Q-uGTkREiySsV11-ps5mZb5RxAnX4dyEnXiYtH4GarrF2P1-VNlXgzp2Gu9OQZu4Q9hUJsLxj-n_iumDkQ_T5C4GA-GQQa4wSJZy7l-h2UZa_It_sA/B4dj1bLXq8_DLVrwLoyNdxw2egLJYApNW2EjgOpDC5A),IMAGI-NATION University Research Projects,Imagination Circle,,Imagination Circle - Paris to the world. A group of 40 organisations coming together to solve how we bring imagination into every classroom globally.,,,,,,,0,,,,,,20.000%,4%,Published research and X# gatherings. ,,,,,,
Imagination Research - ARC Centres of ExcellenceIMAGI-NATION University Research Projects,HOODIE.png (https://v5.airtableusercontent.com/v3/u/40/40/1746014400000/uOeU_ZYRJYANCR70Br1WGA/qvlfJEHdbsAl8mLMQbzNtt_HPrdf-jpV3CTyiqNyxt076h2dkWBzaEBV_Q-uGTkREiySsV11-ps5mZb5RxAnX4dyEnXiYtH4GarrF2P1-VNlXgzp2Gu9OQZu4Q9hUJsLxj-n_iumDkQ_T5C4GA-GQQa4wSJZy7l-h2UZa_It_sA/B4dj1bLXq8_DLVrwLoyNdxw2egLJYApNW2EjgOpDC5A),IMAGI-NATION University Research Projects,Imagination Research - ARC Centres of Excellence,,The ARC Centre of Excellence for Indigenous Futures aims to transform and improve the life chances of Indigenous Australians by utilising Indigenous knowledges in unique trans-disciplinary cross-sector designed research to enhance our understanding about the complex nature of Indigenous intergenerational inequity. The Centre expects to generate new knowledge to enable evidence-based policy formulation and implementation including best practice models. ,,,,,,,0,,,,,,20.000%,4%,"- Design and deliver an exceptional and internationally renowned program of Indigenous transdisciplinary research to reveal the complex mechanisms, processes, and contexts by which inequities are passed on generationally.
- Work alongside communities, government agencies and practitioners to apply complex understandings of Indigenous inequity thereby delivering ground-breaking cross-sectoral policy reform and models of best practice directly related to all four of the National Agreement on Closing the Gap 2000 Priority Reform areas.
- To provide unprecedented relational, trans-sectoral research linkages in establishing and building upon a national and international infrastructure for Indigenous futures, including models, data systems and adaptive structures with a trans-sector focus on inequities within legal, education and health contexts.
- To foster the next generation of Indigenous Australian researchers trained through the Centre’s ‘relational approach’ through a comprehensive Indigenous leadership, mentoring and capacity building program.",,,https://drive.google.com/file/d/1zyi97ReyvYaFMkGJGxiBBNqJQwjMW9sl/view?usp=sharing,,,31/12/2029
Mentoring Report - Australian IndigenousIMAGI-NATION University Research Projects,HOODIE.png (https://v5.airtableusercontent.com/v3/u/40/40/1746014400000/uOeU_ZYRJYANCR70Br1WGA/qvlfJEHdbsAl8mLMQbzNtt_HPrdf-jpV3CTyiqNyxt076h2dkWBzaEBV_Q-uGTkREiySsV11-ps5mZb5RxAnX4dyEnXiYtH4GarrF2P1-VNlXgzp2Gu9OQZu4Q9hUJsLxj-n_iumDkQ_T5C4GA-GQQa4wSJZy7l-h2UZa_It_sA/B4dj1bLXq8_DLVrwLoyNdxw2egLJYApNW2EjgOpDC5A),IMAGI-NATION University Research Projects,Mentoring Report - Australian Indigenous,,Report on the current targets and numbers for Australian Indigenous mentoring,,,,,,,0,,,,,,30.000%,6%,Copy report figures over,,,https://docs.google.com/spreadsheets/d/18QHMiWF6rgXWY9ammoMLM1wWrQySUPHk_mPx-WeKnIg/edit?gid=773678578#gid=773678578,,,31/12/2025
Mentoring Report - AfricaIMAGI-NATION University Research Projects,HOODIE.png (https://v5.airtableusercontent.com/v3/u/40/40/1746014400000/uOeU_ZYRJYANCR70Br1WGA/qvlfJEHdbsAl8mLMQbzNtt_HPrdf-jpV3CTyiqNyxt076h2dkWBzaEBV_Q-uGTkREiySsV11-ps5mZb5RxAnX4dyEnXiYtH4GarrF2P1-VNlXgzp2Gu9OQZu4Q9hUJsLxj-n_iumDkQ_T5C4GA-GQQa4wSJZy7l-h2UZa_It_sA/B4dj1bLXq8_DLVrwLoyNdxw2egLJYApNW2EjgOpDC5A),IMAGI-NATION University Research Projects,Mentoring Report - Africa,,Report on the current targets and numbers for the continent of Africa,,,,,,,0,,,,,,0.000%,0%,,,,,,,31/12/2024
Mentoring Report - North AmericaIMAGI-NATION University Research Projects,HOODIE.png (https://v5.airtableusercontent.com/v3/u/40/40/1746014400000/uOeU_ZYRJYANCR70Br1WGA/qvlfJEHdbsAl8mLMQbzNtt_HPrdf-jpV3CTyiqNyxt076h2dkWBzaEBV_Q-uGTkREiySsV11-ps5mZb5RxAnX4dyEnXiYtH4GarrF2P1-VNlXgzp2Gu9OQZu4Q9hUJsLxj-n_iumDkQ_T5C4GA-GQQa4wSJZy7l-h2UZa_It_sA/B4dj1bLXq8_DLVrwLoyNdxw2egLJYApNW2EjgOpDC5A),IMAGI-NATION University Research Projects,Mentoring Report - North America,,Report on the current targets and numbers for North America ,,,,,,,0,,,,,,0.000%,0%,,,,,,,31/12/2024
Default SettingsOrientation,Hoodie black.png (https://v5.airtableusercontent.com/v3/u/40/40/1746014400000/g3QRClrKv6VIpkmXoszJtQ/Ve0Q_DKc4Hocj_Ekpq6mcm1zETU0Jy5fhhRFmZ32W2ymlM4m-uxjWhx6Zhp71u7xIkK_F6aLXxwflaZJtm93dNq0-dIaD_8N9K1mR9XhNWSLrv5q98OLXLxicgJa5Y0F0jdjEa3xKi73vm0oKshAIwNzYOMBzkQ5ac_apE3HG7Q/W4B-sHX9jpWyPlYaLQDAqANw_6lGq0sVq8vr9yQhLN0),Orientation,Default Settings,,,,,,,,,0,,,,,,,0%,,,,,opportunity to reorient technology and human beings (price of knowing whether you're in relation or not),,
EnergyOrientation,Hoodie black.png (https://v5.airtableusercontent.com/v3/u/40/40/1746014400000/g3QRClrKv6VIpkmXoszJtQ/Ve0Q_DKc4Hocj_Ekpq6mcm1zETU0Jy5fhhRFmZ32W2ymlM4m-uxjWhx6Zhp71u7xIkK_F6aLXxwflaZJtm93dNq0-dIaD_8N9K1mR9XhNWSLrv5q98OLXLxicgJa5Y0F0jdjEa3xKi73vm0oKshAIwNzYOMBzkQ5ac_apE3HG7Q/W4B-sHX9jpWyPlYaLQDAqANw_6lGq0sVq8vr9yQhLN0),Orientation,Energy,,,,,,,,,0,,,,,,,0%,Add in number of paintings for energy,,number of paintings,,provide a global alternative to thumbs up and ticks on social networks / relational network tool,,
MapOrientation,Hoodie black.png (https://v5.airtableusercontent.com/v3/u/40/40/1746014400000/g3QRClrKv6VIpkmXoszJtQ/Ve0Q_DKc4Hocj_Ekpq6mcm1zETU0Jy5fhhRFmZ32W2ymlM4m-uxjWhx6Zhp71u7xIkK_F6aLXxwflaZJtm93dNq0-dIaD_8N9K1mR9XhNWSLrv5q98OLXLxicgJa5Y0F0jdjEa3xKi73vm0oKshAIwNzYOMBzkQ5ac_apE3HG7Q/W4B-sHX9jpWyPlYaLQDAqANw_6lGq0sVq8vr9yQhLN0),Orientation,Map,,,,,,,,,0,,,,,,,0%,,,,,,,
UNCx5Orientation,Hoodie black.png (https://v5.airtableusercontent.com/v3/u/40/40/1746014400000/g3QRClrKv6VIpkmXoszJtQ/Ve0Q_DKc4Hocj_Ekpq6mcm1zETU0Jy5fhhRFmZ32W2ymlM4m-uxjWhx6Zhp71u7xIkK_F6aLXxwflaZJtm93dNq0-dIaD_8N9K1mR9XhNWSLrv5q98OLXLxicgJa5Y0F0jdjEa3xKi73vm0oKshAIwNzYOMBzkQ5ac_apE3HG7Q/W4B-sHX9jpWyPlYaLQDAqANw_6lGq0sVq8vr9yQhLN0),Orientation,UNCx5,,,,,,,,,0,,,,,,,0%,,,,,innovation model for organising teams,,
ImaginationKnowledge,Hoodie black.png (https://v5.airtableusercontent.com/v3/u/40/40/1746014400000/g3QRClrKv6VIpkmXoszJtQ/Ve0Q_DKc4Hocj_Ekpq6mcm1zETU0Jy5fhhRFmZ32W2ymlM4m-uxjWhx6Zhp71u7xIkK_F6aLXxwflaZJtm93dNq0-dIaD_8N9K1mR9XhNWSLrv5q98OLXLxicgJa5Y0F0jdjEa3xKi73vm0oKshAIwNzYOMBzkQ5ac_apE3HG7Q/W4B-sHX9jpWyPlYaLQDAqANw_6lGq0sVq8vr9yQhLN0),Knowledge,Imagination,,,,,,,,,0,,,,,,,0%,,,,,the price of knowing what's next,,
MentoringKnowledge,Hoodie black.png (https://v5.airtableusercontent.com/v3/u/40/40/1746014400000/g3QRClrKv6VIpkmXoszJtQ/Ve0Q_DKc4Hocj_Ekpq6mcm1zETU0Jy5fhhRFmZ32W2ymlM4m-uxjWhx6Zhp71u7xIkK_F6aLXxwflaZJtm93dNq0-dIaD_8N9K1mR9XhNWSLrv5q98OLXLxicgJa5Y0F0jdjEa3xKi73vm0oKshAIwNzYOMBzkQ5ac_apE3HG7Q/W4B-sHX9jpWyPlYaLQDAqANw_6lGq0sVq8vr9yQhLN0),Knowledge,Mentoring,,,,,,,,,0,,,,,,,0%,,,,,value every life on earth for at least 7 generations,,
CustodianshipKnowledge,Hoodie black.png (https://v5.airtableusercontent.com/v3/u/40/40/1746014400000/g3QRClrKv6VIpkmXoszJtQ/Ve0Q_DKc4Hocj_Ekpq6mcm1zETU0Jy5fhhRFmZ32W2ymlM4m-uxjWhx6Zhp71u7xIkK_F6aLXxwflaZJtm93dNq0-dIaD_8N9K1mR9XhNWSLrv5q98OLXLxicgJa5Y0F0jdjEa3xKi73vm0oKshAIwNzYOMBzkQ5ac_apE3HG7Q/W4B-sHX9jpWyPlYaLQDAqANw_6lGq0sVq8vr9yQhLN0),Knowledge,Custodianship,,,,,,,,,0,,,,,,,0%,,,,,$125 trillion for nature-centred economy,,
TrashionSpecial,wht hoodie.png (https://v5.airtableusercontent.com/v3/u/40/40/1746014400000/6qwMVsLCZkWpmA8pqQUa1w/63D_HU7bIhpwkSKLVsr31g44PJxH0rtgubBmnekEby3DiX5t-DeuvdHdJq2RjKeEVoBx37U92zymu-2bLm89lSk7Vj1VlZKnnx4XWpgGt9K3cBXWCHzDfhuGOHbQnB85fbwtFCyCMDnKc9SVwUVJLCXwB90gdZ1lUv6HYugtfsY/Syk0vCUeVc7fOzFCk6xPN2GFPiqryboXofTUoMxiAfA),Special,Trashion,,100 trashion shows activated around the world,,,,,,,0,,,,,,1.000%,0%,own visa below the line,,,,,,
CUNYSpecial,,Special,CUNY,,,,,,,,,0,,,,,,,0%,175 hoodies for CUNY - sits under MOAH (MOAH alumni impact projects),,,,,,
The Other ElectionAlumni,Hoodie_Pink.png (https://v5.airtableusercontent.com/v3/u/40/40/1746014400000/qPcppqSI542rJbImjrmm2A/bTfgZuRQ3GvPm_Rt8K5XnnKdSh2NU-j39uucSqv5uG-rbAZcBI_dSUHKPDFFm2LeENvk2MgcZG8_pFWuqzBMl_AHZRWQXyn3HRS-pWV94pE9KplczvDpRettuF70e4X1tDDNJrFufOaqpqGldajtTXtEPkcUtHMg-QO-t8DP9_I/lyWjMdUQZF2nZdIFQ9U2exm9yB9S4iNOsG5Rx-QRZ5Y),Alumni,The Other Election,,"September 2013 The Other Election showcased over 600 Indigenous youth in years 10-12 standing up for what they believe in; seeing an Indigenous Prime Minister in their lifetime. Over 70,000 Australians voted and the top 3 got to meet the Prime Minister and Governor General.",,,,,,,0,,,,,,100.000%,20%,700 Indigenous youth presented their speeches,,,https://www.youtube.com/watch?v=d4uJ9qK6H3U,,,30/9/2013
Alumni of the Month Alumni,Hoodie_Pink.png (https://v5.airtableusercontent.com/v3/u/40/40/1746014400000/qPcppqSI542rJbImjrmm2A/bTfgZuRQ3GvPm_Rt8K5XnnKdSh2NU-j39uucSqv5uG-rbAZcBI_dSUHKPDFFm2LeENvk2MgcZG8_pFWuqzBMl_AHZRWQXyn3HRS-pWV94pE9KplczvDpRettuF70e4X1tDDNJrFufOaqpqGldajtTXtEPkcUtHMg-QO-t8DP9_I/lyWjMdUQZF2nZdIFQ9U2exm9yB9S4iNOsG5Rx-QRZ5Y),Alumni,Alumni of the Month ,,"Introducing the alumni of the month hoodie, featuring AIME alumni and the projects they are working on now.",,,,,,,0,,,,,,0.000%,0%,100 hoodies showcasing AIME alumni projects from now until March 2033.,,,,,,31/3/2033
Nature FundSun (Nature Fund),,Sun (Nature Fund),Nature Fund,In Development,,,,,,,,0,,,,,,,0%,,,,,,,
Organisational Death PledgesSunset (Death),,Sunset (Death),Organisational Death Pledges,Live,,,,,,,,0,,,,,,,0%,,,,,,,